<Backups xmlns="http://www.microsoft.com/GroupPolicy/GPOOperations/Manifest" xmlns:mfst="http://www.microsoft.com/GroupPolicy/GPOOperations/Manifest" mfst:version="1.0"><BackupInst><GPOGuid><![CDATA[{1B6AAB4D-20DC-4956-9439-DD15694E2B6A}]]></GPOGuid><GPODomain><![CDATA[security.local]]></GPODomain><GPODomainGuid><![CDATA[{6f0514af-6cc4-48d1-b2ef-2310ad5fc57b}]]></GPODomainGuid><GPODomainController><![CDATA[DC-SEC-01.security.local]]></GPODomainController><BackupTime><![CDATA[2024-09-30T12:56:04]]></BackupTime><ID><![CDATA[{DAD42DA1-8499-42FE-A1CD-9E39196D8B98}]]></ID><Comment><![CDATA[]]></Comment><GPODisplayName><![CDATA[MSFT Windows 11 24H2 - Computer]]></GPODisplayName></BackupInst><BackupInst><GPOGuid><![CDATA[{83A5E982-986A-4447-A8A1-7945B71C18B3}]]></GPOGuid><GPODomain><![CDATA[security.local]]></GPODomain><GPODomainGuid><![CDATA[{6f0514af-6cc4-48d1-b2ef-2310ad5fc57b}]]></GPODomainGuid><GPODomainController><![CDATA[DC-SEC-01.security.local]]></GPODomainController><BackupTime><![CDATA[2024-09-30T12:56:04]]></BackupTime><ID><![CDATA[{C4FCE0A9-BC29-4589-A63D-144E8CD991CE}]]></ID><Comment><![CDATA[]]></Comment><GPODisplayName><![CDATA[MSFT Windows 11 24H2 - User]]></GPODisplayName></BackupInst><BackupInst><GPOGuid><![CDATA[{3459AD93-6648-423E-9777-0C82975217D5}]]></GPOGuid><GPODomain><![CDATA[security.local]]></GPODomain><GPODomainGuid><![CDATA[{6f0514af-6cc4-48d1-b2ef-2310ad5fc57b}]]></GPODomainGuid><GPODomainController><![CDATA[DC-SEC-01.security.local]]></GPODomainController><BackupTime><![CDATA[2024-09-30T12:56:04]]></BackupTime><ID><![CDATA[{3C4158A9-6823-4577-8AAE-197181A6E6AD}]]></ID><Comment><![CDATA[]]></Comment><GPODisplayName><![CDATA[MSFT Windows 11 24H2 - Credential Guard]]></GPODisplayName></BackupInst><BackupInst><GPOGuid><![CDATA[{048EDF92-475E-4360-A38B-025342E2D833}]]></GPOGuid><GPODomain><![CDATA[security.local]]></GPODomain><GPODomainGuid><![CDATA[{6f0514af-6cc4-48d1-b2ef-2310ad5fc57b}]]></GPODomainGuid><GPODomainController><![CDATA[DC-SEC-01.security.local]]></GPODomainController><BackupTime><![CDATA[2024-09-30T12:56:04]]></BackupTime><ID><![CDATA[{DD32F334-CB07-4579-96E3-06F27B6B5FAB}]]></ID><Comment><![CDATA[]]></Comment><GPODisplayName><![CDATA[MSFT Windows 11 24H2 - Defender Antivirus]]></GPODisplayName></BackupInst><BackupInst><GPOGuid><![CDATA[{E9F1D4BF-D7C0-4358-B1CD-6B1F7E1754D3}]]></GPOGuid><GPODomain><![CDATA[security.local]]></GPODomain><GPODomainGuid><![CDATA[{6f0514af-6cc4-48d1-b2ef-2310ad5fc57b}]]></GPODomainGuid><GPODomainController><![CDATA[DC-SEC-01.security.local]]></GPODomainController><BackupTime><![CDATA[2024-09-30T12:56:04]]></BackupTime><ID><![CDATA[{04602802-38C4-4900-87CD-B126DA8875ED}]]></ID><Comment><![CDATA[]]></Comment><GPODisplayName><![CDATA[MSFT Windows 11 24H2 - Domain Security]]></GPODisplayName></BackupInst><BackupInst><GPOGuid><![CDATA[{F9CA6C42-3A57-4D81-88BF-6CD8289FD1F5}]]></GPOGuid><GPODomain><![CDATA[security.local]]></GPODomain><GPODomainGuid><![CDATA[{6f0514af-6cc4-48d1-b2ef-2310ad5fc57b}]]></GPODomainGuid><GPODomainController><![CDATA[DC-SEC-01.security.local]]></GPODomainController><BackupTime><![CDATA[2024-09-30T12:56:03]]></BackupTime><ID><![CDATA[{9DD51389-33D0-4D19-8274-F9C19C54AACB}]]></ID><Comment><![CDATA[]]></Comment><GPODisplayName><![CDATA[MSFT Windows 11 24H2 - BitLocker]]></GPODisplayName></BackupInst><BackupInst><GPOGuid><![CDATA[{582D31BD-8974-43C8-B88B-FC18B4254E87}]]></GPOGuid><GPODomain><![CDATA[security.local]]></GPODomain><GPODomainGuid><![CDATA[{6f0514af-6cc4-48d1-b2ef-2310ad5fc57b}]]></GPODomainGuid><GPODomainController><![CDATA[DC-SEC-01.security.local]]></GPODomainController><BackupTime><![CDATA[2024-09-30T12:56:03]]></BackupTime><ID><![CDATA[{BF76B495-48DD-4A15-AFFF-E9E20A6C9AAB}]]></ID><Comment><![CDATA[]]></Comment><GPODisplayName><![CDATA[MSFT Internet Explorer 11 - User]]></GPODisplayName></BackupInst><BackupInst><GPOGuid><![CDATA[{D5398278-ABE5-4648-921E-D68A15AF59E9}]]></GPOGuid><GPODomain><![CDATA[security.local]]></GPODomain><GPODomainGuid><![CDATA[{6f0514af-6cc4-48d1-b2ef-2310ad5fc57b}]]></GPODomainGuid><GPODomainController><![CDATA[DC-SEC-01.security.local]]></GPODomainController><BackupTime><![CDATA[2024-09-30T12:56:03]]></BackupTime><ID><![CDATA[{BB10D67B-FBEA-4CD0-8E5F-09AC67C07670}]]></ID><Comment><![CDATA[]]></Comment><GPODisplayName><![CDATA[MSFT Internet Explorer 11 - Computer]]></GPODisplayName></BackupInst></Backups>