<BackupInst xmlns="http://www.microsoft.com/GroupPolicy/GPOOperations/Manifest"><GPOGuid><![CDATA[{5BC11007-75B1-49A3-A74A-30DF2E4ACB74}]]></GPOGuid><GPODomain><![CDATA[security.local]]></GPODomain><GPODomainGuid><![CDATA[{6f0514af-6cc4-48d1-b2ef-2310ad5fc57b}]]></GPODomainGuid><GPODomainController><![CDATA[DC-SEC-01.security.local]]></GPODomainController><BackupTime><![CDATA[2025-01-31T01:22:09]]></BackupTime><ID><![CDATA[{0C40CF21-B6B1-48E1-9D44-B5C5606E77A8}]]></ID><Comment><![CDATA[]]></Comment><GPODisplayName><![CDATA[MSFT Windows Server 2025 - Domain Security]]></GPODisplayName></BackupInst>
