<BackupInst xmlns="http://www.microsoft.com/GroupPolicy/GPOOperations/Manifest"><GPOGuid><![CDATA[{582D31BD-8974-43C8-B88B-FC18B4254E87}]]></GPOGuid><GPODomain><![CDATA[security.local]]></GPODomain><GPODomainGuid><![CDATA[{6f0514af-6cc4-48d1-b2ef-2310ad5fc57b}]]></GPODomainGuid><GPODomainController><![CDATA[DC-SEC-01.security.local]]></GPODomainController><BackupTime><![CDATA[2024-09-30T12:56:03]]></BackupTime><ID><![CDATA[{BF76B495-48DD-4A15-AFFF-E9E20A6C9AAB}]]></ID><Comment><![CDATA[]]></Comment><GPODisplayName><![CDATA[MSFT Internet Explorer 11 - User]]></GPODisplayName></BackupInst>
