<BackupInst xmlns="http://www.microsoft.com/GroupPolicy/GPOOperations/Manifest"><GPOGuid><![CDATA[{1F86A1DB-484F-40B9-BA64-14E3676B8806}]]></GPOGuid><GPODomain><![CDATA[security.local]]></GPODomain><GPODomainGuid><![CDATA[{6f0514af-6cc4-48d1-b2ef-2310ad5fc57b}]]></GPODomainGuid><GPODomainController><![CDATA[DC-SEC-01.security.local]]></GPODomainController><BackupTime><![CDATA[2025-01-31T01:22:09]]></BackupTime><ID><![CDATA[{F28BBB23-5C35-4761-BD1B-20027D79544D}]]></ID><Comment><![CDATA[]]></Comment><GPODisplayName><![CDATA[MSFT Windows Server 2025 - Member Server Credential Guard]]></GPODisplayName></BackupInst>
